Link,Title,Company
https://weworkremotely.com/remote-jobs/oldspeake-frontend-designer,Oldspeake,Frontend Designer
https://weworkremotely.com/remote-jobs/techifide-limited-senior-javascript-front-end-developer-vue-react-nodejs,Techifide Limited,Senior JavaScript Front End Developer - Vue / React / NodeJS
https://weworkremotely.com/remote-jobs/g2i-inc-remote-contract-react-developer,G2i Inc.,Remote Contract React Developer
https://weworkremotely.com/remote-jobs/qualio-senior-software-developer,Qualio,Senior Software Developer
https://weworkremotely.com/remote-jobs/awesome-motive-inc-wordpress-developer-php-js-2,Awesome Motive Inc.,WordPress Developer (PHP/JS)
https://weworkremotely.com/remote-jobs/locuslabs-react-ui-software-engineer-u-s-remote-ok,LocusLabs,React UI Software Engineer (U.S. remote OK)
https://weworkremotely.com/remote-jobs/research-design-senior-full-stack-developer-php-js,Research & Design,Senior Full-stack Developer (PHP/JS)
https://weworkremotely.com/remote-jobs/crowdcast-video-engineer-webrtc-ffmpeg,Crowdcast,Video Engineer (WebRTC/FFmpeg)
https://weworkremotely.com/remote-jobs/campaign-monitor-frontend-developer-remote-uk-1,Campaign Monitor,Frontend Developer (Remote UK)
https://weworkremotely.com/remote-jobs/chili-piper-front-end-engineer,Chili Piper,Front End Engineer
https://weworkremotely.com/remote-jobs/crowdcast-back-end-engineer-node-js-aws,Crowdcast,Back-End Engineer (Node.js/AWS)
https://weworkremotely.com/remote-jobs/locuslabs-javascript-software-engineer-map-applications,LocusLabs,JavaScript Software Engineer (Map Applications)
https://weworkremotely.com/remote-jobs/walrus-ai-full-stack-software-engineer,walrus.ai,Full-Stack Software Engineer
https://weworkremotely.com/remote-jobs/power-diary-software-engineer-product-development,Power Diary,Software Engineer - Product Development
https://weworkremotely.com/remote-jobs/dozuki-senior-software-engineer,Dozuki,Senior Software Engineer
https://weworkremotely.com/remote-jobs/chili-piper-back-end-engineer,Chili Piper,Back End Engineer
https://weworkremotely.com/remote-jobs/memberspace-experienced-rails-react-developer,MemberSpace,Experienced Rails + React Developer
https://weworkremotely.com/remote-jobs/g2i-inc-remote-contract-react-native-engineer-3,G2i Inc.,Remote Contract React Native Engineer
https://weworkremotely.com/remote-jobs/aha-senior-rails-engineer-react-4,Aha!,senior rails engineer [react]
https://weworkremotely.com/remote-jobs/files-com-frontend-engineer-es8-react-redux-saga,Files.com,Frontend Engineer (ES8/React/Redux/Saga)
https://weworkremotely.com/remote-jobs/curebase-full-stack-engineer-for-medical-research,Curebase,Full-Stack Engineer for Medical Research
https://weworkremotely.com/remote-jobs/orum-full-stack-engineer,Orum,Full-Stack Engineer
https://weworkremotely.com/remote-jobs/agencyanalytics-website-developer,AgencyAnalytics,Website Developer
https://weworkremotely.com/remote-jobs/agencyanalytics-backend-php-developer,AgencyAnalytics,Backend PHP Developer
https://weworkremotely.com/remote-jobs/opencraft-open-source-developer-devops-python-django-aws-openstack-6,OpenCraft,Open Source Developer & DevOps (Python, Django, AWS, OpenStack)
https://weworkremotely.com/remote-jobs/gitduck-senior-node-js-engineer,GitDuck,Senior Node.JS Engineer
https://weworkremotely.com/remote-jobs/infinity-software-development-inc-sr-software-engineer-across-a-wide-array-of-tech-stacks-100-7,Infinity Software Development, Inc.,Sr. Software Engineer, across a wide array of tech stacks, 100% Remote
https://weworkremotely.com/remote-jobs/tanooki-labs-experienced-full-stack-rails-and-react-developer-2,Tanooki Labs,Experienced Full-Stack Rails and React Developer
https://weworkremotely.com/remote-jobs/xwp-lead-wordpress-engineer-americas,XWP,Lead WordPress Engineer - Americas
https://weworkremotely.com/remote-jobs/good-eggs-senior-software-engineer-mobile,Good Eggs,Senior Software Engineer - Mobile
https://weworkremotely.com/remote-jobs/aha-sr-ruby-on-rails-engineer-with-react-js-experience,Aha!,sr ruby on rails engineer with react.js experience
https://weworkremotely.com/remote-jobs/recharge-payments-front-end-engineer-2,ReCharge Payments,Front End Engineer
https://weworkremotely.com/remote-jobs/feedr-full-stack-developer,Feedr,Full Stack Developer
https://weworkremotely.com/remote-jobs/drops-qa-automation-engineer,Drops,QA Automation Engineer
https://weworkremotely.com/remote-jobs/clevertech-ruby-react-software-engineer-100-remote,Clevertech,Ruby/React Software Engineer [100% REMOTE]
https://weworkremotely.com/remote-jobs/replay-poker-senior-full-stack-developer-that-likes-testing,Replay Poker,Senior full stack developer that likes testing
https://weworkremotely.com/remote-jobs/x-team-senior-react-native-developer,X-Team,Senior React Native Developer
https://weworkremotely.com/remote-jobs/hocnest-remote-contract-senior-rails-react,HocNest,Remote Contract Senior Rails / React
https://weworkremotely.com/remote-jobs/farmstead-full-stack-software-engineer,Farmstead,Full-Stack Software Engineer
https://weworkremotely.com/remote-jobs/heysummit-product-engineer-who-loves-ux,HeySummit,Product Engineer Who Loves UX
https://weworkremotely.com/remote-jobs/jobandtalent-senior-ruby-on-rails-engineer-madrid-barcelona-full-remote,Jobandtalent,Senior Ruby on Rails Engineer (Madrid, Barcelona & Full Remote)
https://weworkremotely.com/remote-jobs/chop-dawg-part-time-php-react-developer-1,Chop Dawg,Part-Time PHP & React Developer
https://weworkremotely.com/remote-jobs/clevertech-react-native-developer,Clevertech,React Native Developer
https://weworkremotely.com/remote-jobs/shogun-senior-frontend-engineer,Shogun,Senior Frontend Engineer
https://weworkremotely.com/remote-jobs/x-team-senior-react-developer,X-Team,Senior React Developer
https://weworkremotely.com/remote-jobs/x-team-senior-node-js-developer,X-Team,Senior Node.js Developer
https://weworkremotely.com/remote-jobs/sennen-tech-senior-back-end-developer-clean-tech,Sennen Tech,Senior Back-End Developer (Clean-tech)
https://weworkremotely.com/remote-jobs/the-vaan-group-front-end-web-developer-for-e-commerce-agency-react-node-js,The Vaan Group,Front-end Web Developer for E-Commerce Agency [React, Node.js]
https://weworkremotely.com/remote-jobs/clevertech-tech-lead-5,Clevertech,Tech Lead
https://weworkremotely.com/remote-jobs/remotelock-senior-full-stack-engineer-ruby-on-rails,RemoteLock,Senior Full-stack Engineer (Ruby on Rails)
https://weworkremotely.com/remote-jobs/dataquest-senior-product-engineer-remote-anywhere,Dataquest,Senior Product Engineer (Remote - Anywhere)
https://weworkremotely.com/remote-jobs/deskpro-senior-frontend-or-fullstack-developer-on-saas-product-reactjs-typescript-graphql-php,Deskpro,Senior Frontend or Fullstack Developer on SaaS Product (ReactJS, Typescript, GraphQL, PHP)
https://weworkremotely.com/remote-jobs/mango-voice-react-javascript-developer,Mango Voice,React / Javascript Developer
https://weworkremotely.com/remote-jobs/forestry-io-solutions-engineer-jamstack,Forestry.io,Solutions Engineer (JAMstack)
https://weworkremotely.com/remote-jobs/lugg-frontend-engineer-react-react-native,Lugg,Frontend Engineer (React/React Native)
https://weworkremotely.com/remote-jobs/power-home-remodeling-ruby-on-rails-developer,Power Home Remodeling,Ruby on Rails Developer
https://weworkremotely.com/top-remote-companies,Oddball,Full Stack Engineer
https://weworkremotely.com/remote-jobs/doximity-mobile-software-engineer-ios-swift,Doximity,Mobile Software Engineer, iOS (Swift)
https://weworkremotely.com/remote-jobs/power-home-remodeling-ruby-on-rails-developer-5-years,Power Home Remodeling,Ruby on Rails Developer (5+ years)
https://weworkremotely.com/remote-jobs/remotelock-react-native-mobile-and-web-senior-engineer,RemoteLock,React Native / Mobile and Web Senior Engineer
https://weworkremotely.com/remote-jobs/bevy-software-engineer-security-data-privacy,Bevy,Software Engineer-Security/Data Privacy
https://weworkremotely.com/remote-jobs/bevy-software-engineer-general,Bevy,Software Engineer-General
https://weworkremotely.com/remote-jobs/toptal-freelance-react-developer-remote-full-time-1,Toptal,Freelance React Developer – Remote, Full-time
https://weworkremotely.com/remote-jobs/x-team-senior-go-developer,X-Team,Senior Go Developer
https://weworkremotely.com/remote-jobs/brivity-inc-senior-software-engineer-web-apps-1,Brivity, Inc.,Senior Software Engineer - Web Apps
https://weworkremotely.com/remote-jobs/wirecutter-back-end-software-engineer,Wirecutter,Back-end Software Engineer
https://weworkremotely.com/remote-jobs/power-home-remodeling-mobile-web-solutions-architect,Power Home Remodeling,Mobile Web Solutions Architect
https://weworkremotely.com/remote-jobs/teaching-com-gaming-product-manager,Teaching.com,Gaming Product Manager
https://stackoverflow.com/jobs/270372/senior-full-stack-software-engineer-react-python-finetune-learning,FineTune Learning,Senior Full Stack Software Engineer (React Python Flask)
https://stackoverflow.com/jobs/371120/full-stack-engineer-react-plus-rails-almanac,Almanac,Full-stack engineer (React + Rails)
https://stackoverflow.com/jobs/387400/junior-mid-level-react-developer-remote-or-nyc-trumid-technologies-llc,Trumid Technologies LLC,Junior/Mid-Level React Developer (Remote or NYC)
https://stackoverflow.com/jobs/386120/ruby-react-software-engineer-100-remote-clevertech,Clevertech,Ruby/React Software Engineer [100% REMOTE]
https://stackoverflow.com/jobs/379298/generalist-mid-senior-level-software-developer-niphtio,Niphtio,Generalist Mid/Senior-level Software Developer who loves React & Typescript
https://stackoverflow.com/jobs/229077/react-engineer-native-or-web-100-remote-g2i-inc,G2i Inc,React Engineer | Native or Web | 100% Remote
https://stackoverflow.com/jobs/386121/sr-ruby-react-software-engineer-100-remote-clevertech,Clevertech,Sr. Ruby/React Software Engineer [100% REMOTE]
https://stackoverflow.com/jobs/371868/tech-lead-fs-nodejs-react-rn-developer-rekordio,Rekordio,Tech Lead FS - NodeJs / React / RN Developer Required for Realtime Application
https://stackoverflow.com/jobs/277612/senior-react-developer-remote-x-team,X-Team,Senior React Developer (Remote)
https://stackoverflow.com/jobs/354476/freelance-react-developer-remote-full-time-toptal,Toptal,Freelance React Developer – Remote, Full-time
https://stackoverflow.com/jobs/386156/remote-full-stack-php-and-react-developer-scalable-path,Scalable Path,Remote Full-stack PHP and React Developer
https://stackoverflow.com/jobs/386123/lead-react-threejs-developer-100-remote-clevertech,Clevertech,Lead React/ThreeJS Developer [100% REMOTE]
https://stackoverflow.com/jobs/369578/react-developer-yougov,YouGov,React Developer
https://stackoverflow.com/jobs/146458/senior-react-engineer-100-remote-north-theorem,Theorem,Senior React Engineer - 100% Remote - North / South America & Europe
https://stackoverflow.com/jobs/386850/senior-software-engineer-full-stack-ruby-on-everclear,Everclear,Senior Software Engineer -  Full Stack Ruby on Rails & React
https://stackoverflow.com/jobs/386836/frontend-engineer-react-remote-or-santa-source-coders-inc,Source Coders Inc,Frontend Engineer (react) - Remote or Santa Monica - Community.com
https://stackoverflow.com/jobs/328010/react-node-developer-undefined-llc,Undefined LLC,React/Node Developer
https://stackoverflow.com/jobs/201704/react-frontend-developer-leaf-logistics,Leaf Logistics,React Frontend Developer
https://stackoverflow.com/jobs/207146/craftsmanship-focused-test-loving-full-stack-level-12,Level 12,Craftsmanship Focused / Test Loving Full Stack Web Dev - Python, React, SQL
https://stackoverflow.com/jobs/385234/senior-software-engineer-python-typescript-everquote-inc,EverQuote Inc.,Senior software engineer (python, typescript, reactjs, nextjs, kafka, docker)
https://stackoverflow.com/jobs/316406/join-our-remote-team-and-enjoy-work-life-balance-spidergap,Spidergap,Join our remote team and enjoy work-life balance (JavaScript, NodeJS, React)
https://stackoverflow.com/jobs/382220/expert-frontend-react-redux-developer-scalable-path,Scalable Path,Expert Frontend React/Redux Developer
https://stackoverflow.com/jobs/374046/lead-front-end-engineer-reactjs-full-time-skillvalue,SkillValue,Lead Front-End Engineer (React.js) - Full-Time Job - Full Remote Available
https://stackoverflow.com/jobs/241031/senior-frontend-engineer-es8-react-redux-saga-filescom,Files.com,Senior Frontend Engineer (ES8/React/Redux/Saga)
https://stackoverflow.com/jobs/372213/seeking-founding-level-cto-react-node-rekordio,Rekordio,Seeking Founding Level CTO - React/Node/ReactNative/Swift/Kotlin/Realtime/DSP
https://remoteok.io/remote-jobs/84802-remote-junior-mid-level-react-developer-trumid-technologies,Trumid Technologies,Junior Mid Level React Developer
https://remoteok.io/remote-jobs/84723-remote-full-stack-php-react-developer-scalable-path,Scalable Path,Full Stack PHP React Developer
https://remoteok.io/remote-jobs/84690-remote-react-native-mobile-app-developer-buddyboss,BuddyBoss,React Native Mobile App Developer
https://remoteok.io/remote-jobs/84645-remote-lead-ruby-on-rails-engineer-aha,Aha!,Lead Ruby on Rails Engineer
https://remoteok.io/remote-jobs/84565-remote-expert-frontend-react-redux-developer-scalable-path,Scalable Path,Expert Frontend React Redux Developer
https://remoteok.io/remote-jobs/84555-remote-expert-react-nodejs-mongodb-developer-scalable-path,Scalable Path,Expert React Nodejs Mongodb Developer
https://remoteok.io/remote-jobs/84513-remote-senior-react-native-developer-mahisoft,Mahisoft,Senior React Native Developer
https://remoteok.io/remote-jobs/84502-remote-full-stack-react-node-js-engineer-digalyze,Digalyze,Full-stack React/node.js Engineer
https://remoteok.io/remote-jobs/84418-remote-full-stack-web-developer-with-react-ruby-on-rails-experience-radish-lab,Radish Lab,Full Stack Web Developer With React Ruby On Rails Experience
https://remoteok.io/remote-jobs/84378-remote-generalist-mid-senior-level-software-developer-who-loves-react-typescript-niphtio,Niphtio,Generalist Mid Senior Level Software Developer Who Loves React Typescript
https://remoteok.io/remote-jobs/84371-remote-senior-software-engineer-net-react-eedi-a-lego-backed-startup,Eedi (a LEGO backed startup),Senior Software Engineer (.net/react)
https://remoteok.io/remote-jobs/84356-remote-freelance-react-developer-remote-toptal,Toptal,Freelance React Developer –
https://remoteok.io/remote-jobs/84354-remote-volunteer-covid-19-response-team-looking-for-reactjs-meteor-devs-help-launch-our-platform-public-happiness-movement,Public Happiness Movement,Volunteer Covid 19 Response Team Looking for Reactjs Meteor Devs Help Launch Our Platform
https://remoteok.io/remote-jobs/84335-remote-software-engineer-commsor,Commsor,Software Engineer
https://remoteok.io/remote-jobs/84301-remote-wordpress-developer-php-js-react-dashwork-studio-pvt-ltd,Dashwork Studio Pvt. Ltd.,Wordpress Developer (php/js/react)
https://remoteok.io/remote-jobs/84277-remote-full-stack-developer-airofit,Airofit,Full Stack Developer
https://remoteok.io/remote-jobs/84273-remote-senior-front-end-developer-remotesome,Remotesome,Senior Front End Developer
https://remoteok.io/remote-jobs/84253-remote-javascript-developer-remoteleads,RemoteLeads,Javascript Developer
https://remoteok.io/remote-jobs/84247-remote-nodejs-mongo-graphql-celestial,Celestial,Nodejs + Mongo + Graphql
https://remoteok.io/remote-jobs/84223-remote-frontend-engineer-sideshift-ai,SideShift.ai,Frontend Engineer
https://remoteok.io/remote-jobs/84214-remote-hardcore-react-native-nodejs-application-developer-required-rekordio,Rekordio,Hardcore React Native Nodejs Application Developer Required
https://remoteok.io/remote-jobs/84205-remote-first-engineer-full-stack-posthog,PostHog,First Engineer - Full Stack
https://remoteok.io/remote-jobs/84193-remote-lead-developer-professional-insight,Professional Insight,Lead Developer
https://remoteok.io/remote-jobs/84195-remote-senior-react-developer-for-position-global-appcasting,GLOBAL APPCASTING,Senior React Developer For Position
https://remoteok.io/remote-jobs/84185-remote-frontend-engineer-react-js-productboard,productboard,Frontend Engineer React.js
https://remoteok.io/remote-jobs/84167-remote-ruby-on-rails-react-native-engineer-100-clevertech,Clevertech,Ruby On Rails React Native Engineer 100
https://remoteok.io/remote-jobs/84164-remote-react-native-developer-100-clevertech,Clevertech,React Native Developer 100
https://remoteok.io/remote-jobs/84150-remote-lead-react-threejs-developer-100-clevertech,Clevertech,Lead React Threejs Developer 100
https://remoteok.io/remote-jobs/84085-remote-senior-full-stack-php-react-developer-scalable-path,Scalable Path,Senior Full Stack PHP React Developer
https://remoteok.io/remote-jobs/84061-remote-senior-react-engineer-codelitt,Codelitt,Senior React Engineer
https://remoteok.io/remote-jobs/84019-remote-senior-software-engineer-frontend-athenian,Athenian,Senior Software Engineer - Frontend
https://remoteok.io/remote-jobs/83996-remote-full-stack-node-react-developer-for-chrome-extension-scalable-path,Scalable Path,Full Stack Node React Developer For Chrome Extension
https://remoteok.io/remote-jobs/83974-remote-senior-node-react-mongodb-developer-scalable-path,Scalable Path,Senior Node React Mongodb Developer
https://remoteok.io/remote-jobs/83876-remote-senior-software-engineer-mobile-fresh-tri,Fresh Tri,Senior Software Engineer, Mobile
https://remoteok.io/remote-jobs/83701-remote-senior-react-developer-100-clevertech,Clevertech,Senior React Developer 100
https://remoteok.io/remote-jobs/83688-remote-expert-fs-nodejs-react-rn-developer-required-for-realtime-application-rekordio,Rekordio,Expert FS Nodejs React RN Developer Required For Realtime Application
https://remoteok.io/remote-jobs/83678-remote-senior-software-engineer-m-f-d-mvpf,MVPF,Senior Software Engineer (m/f/d)
https://remoteok.io/remote-jobs/83674-remote-react-native-developer-ascent-software,Ascent Software,React Native Developer
https://remoteok.io/remote-jobs/83670-remote-react-native-developer-evertel-technologies,Evertel Technologies,React Native Developer
https://remoteok.io/remote-jobs/83754-remote-react-js-developer-komoot,komoot,React JS Developer
https://remoteok.io/remote-jobs/83630-remote-react-developer-for-job-global-appcasting,GLOBAL APPCASTING,React Developer For Job
https://remoteok.io/remote-jobs/83579-remote-part-time-react-native-developer-chop-dawg,Chop Dawg,Part-time React Native Developer
https://remoteok.io/remote-jobs/83565-remote-react-developer-yougov,YouGov,React Developer
https://remoteok.io/remote-jobs/83547-remote-software-engineer-react-praxent,Praxent,Software Engineer (react)
https://remoteok.io/remote-jobs/83530-remote-react-ruby-on-rails-engineer-hubstaff,Hubstaff,React Ruby On Rails Engineer
https://remoteok.io/remote-jobs/83521-remote-software-engineering-manager-praxent,Praxent,Software Engineering Manager
https://remoteok.io/remote-jobs/83489-remote-mobile-engineer-react-native-tempest,Tempest,Mobile Engineer (react Native)
https://remoteok.io/remote-jobs/83436-remote-ingenieur-developpeur-fullstack-senior-wizzcad,WIZZCAD,Ingénieur Développeur Fullstack Senior
https://remoteok.io/remote-jobs/83422-remote-mid-to-senior-react-dev-tribe-labs,Tribe Labs,Mid to Senior React Dev
https://remoteok.io/remote-jobs/83419-remote-react-front-end-engineer-dploy-ai,dploy.ai,React Front-end Engineer
https://remoteok.io/remote-jobs/83738-remote-senior-full-stack-php-react-mysql-developer-scalable-path,Scalable Path,Senior Full Stack PHP React Mysql Developer
https://remoteok.io/remote-jobs/83388-remote-react-react-native-developer-soshace,Soshace,React React Native Developer
https://remoteok.io/remote-jobs/83371-remote-100-senior-react-developer-clevertech,Clevertech,100% Senior React Developer
https://remoteok.io/remote-jobs/83764-remote-senior-react-developer-mahisoft,Mahisoft,Senior React Developer
https://remoteok.io/remote-jobs/83310-remote-react-angular-front-end-developer-soshace,Soshace,React Angular Front End Developer
https://remoteok.io/remote-jobs/83297-remote-react-developer-opportunity-hays,Hays,React Developer Opportunity
https://remoteok.io/remote-jobs/83294-remote-react-developer-hays,Hays,React Developer
https://remoteok.io/remote-jobs/83287-remote-tech-lead-no-longer-available-omstars,Omstars,Tech Lead - NO Longer Available
https://remoteok.io/remote-jobs/83262-remote-senior-full-stack-engineer-cohabs,Cohabs,Senior Full-stack Engineer
https://remoteok.io/remote-jobs/83230-remote-react-developer-a-virtual-team-global-appcasting,GLOBAL APPCASTING,React Developer A Virtual Team
https://remoteok.io/remote-jobs/83132-remote-full-stack-engineer-urban-campus,Urban Campus,Full Stack Engineer
https://remoteok.io/remote-jobs/83127-remote-react-python-developer-100-clevertech,Clevertech,React Python Developer 100
https://remoteok.io/remote-jobs/83096-remote-front-end-developer-experienced-react-angular-soshace,Soshace,Front End Developer Experienced React Angular
https://remoteok.io/remote-jobs/83090-remote-senior-react-rn-developer-trainer-road,Trainer Road,Senior React RN Developer
https://remoteok.io/remote-jobs/83022-remote-lead-react-native-engineer-bite-interactive,BiTE interactive,Lead React Native Engineer
https://remoteok.io/remote-jobs/82984-remote-100-python-react-developer-clevertech,Clevertech,100% Python React Developer
https://remoteok.io/remote-jobs/79845-remote-javascript-developer-react-redux-wirewax,WIREWAX,Javascript Developer (react, Redux)
https://remoteok.io/remote-jobs/77359-remote-javascript-engineer-moneyhub,Moneyhub,Javascript Engineer
https://remoteok.io/remote-jobs/78925-remote-react-ui-software-engineer-locuslabs,LocusLabs,React UI Software Engineer
https://remoteok.io/remote-jobs/77353-remote-100-react-3d-developer-clevertech,Clevertech,100% React 3D Developer
https://remoteok.io/remote-jobs/77331-remote-react-3d-developer-clevertech,Clevertech,React 3D Developer
https://remoteok.io/remote-jobs/77318-remote-senior-react-developer-toptal,Toptal,Senior React Developer
https://remoteok.io/remote-jobs/77265-remote-senior-front-end-engineer-monday-vc,Monday.vc,Senior Front End Engineer
https://remoteok.io/remote-jobs/77223-remote-lead-ruby-on-rails-engineer-react-aha,Aha,Lead Ruby On Rails Engineer React
https://remoteok.io/remote-jobs/77153-remote-javascript-react-software-engineer-prospect,Prospect,Javascript (react) Software Engineer
https://remoteok.io/remote-jobs/77083-remote-senior-frontend-engineer-react-native-drops,Drops,Senior Frontend Engineer (react Native)
https://remoteok.io/remote-jobs/77076-remote-fullstack-engineer-catapult,CAtapult,Fullstack Engineer
https://remoteok.io/remote-jobs/77030-remote-full-stack-developer-node-react-100-clevertech,Clevertech,Full Stack Developer Node React 100
https://remoteok.io/remote-jobs/77031-remote-react-developer-clevertech,Clevertech,React Developer
https://remoteok.io/remote-jobs/76997-remote-senior-frontend-engineer-remote-vidiq,vidIQ,Senior Frontend Engineer
https://remoteok.io/remote-jobs/76970-remote-senior-react-engineer-remote-toptal,Toptal,Senior React Engineer –
https://remoteok.io/remote-jobs/76958-remote-full-stack-front-end-focused-engineer-tempest,Tempest,Full Stack/front-end Focused Engineer -
https://remoteok.io/remote-jobs/76938-remote-full-stack-react-engineer-brushfire,Brushfire,Full Stack React Engineer
https://remoteok.io/remote-jobs/76921-remote-sr-ui-engineer-typescript-react-accord,Accord,Sr UI Engineer / Typescript / React
https://remoteok.io/remote-jobs/76917-remote-frontend-developer-mozn,MOZN,Frontend Developer
https://remoteok.io/remote-jobs/76912-remote-full-stack-react-django-developer-soshace,Soshace,Full Stack React Django Developer
https://remoteok.io/remote-jobs/76846-remote-full-stack-developer-meetedgar,MeetEdgar,Full Stack Developer
https://remoteok.io/remote-jobs/76797-remote-senior-react-developer-knox,KNØX,Senior React Developer
https://remoteok.io/remote-jobs/76791-remote-react-engineer-toptal-main-website-toptal,Toptal,React Engineer Toptal Main Website
https://remoteok.io/remote-jobs/76668-remote-fullstack-engineer-rails-react-upright-labs,Upright Labs,Fullstack Engineer (rails/react)
https://remoteok.io/remote-jobs/76639-remote-node-react-elasticsearch-developer-100-clevertech,Clevertech,Node React Elasticsearch Developer 100
https://remoteok.io/remote-jobs/76627-remote-node-react-elasticsearch-developer-clevertech,Clevertech,Node React Elasticsearch Developer
https://remoteok.io/remote-jobs/76543-remote-senior-react-developer-clevertech,Clevertech,Senior React Developer
https://remoteok.io/remote-jobs/76515-remote-front-end-engineer-headway,Headway,Front End Engineer
https://remoteok.io/remote-jobs/76516-remote-backend-full-stack-engineer-headway,Headway,Backend / Full Stack Engineer
https://remoteok.io/remote-jobs/76524-remote-react-node-developer-codecubed,CodeCubed,React / Node Developer
https://remoteok.io/remote-jobs/76491-remote-ui-developer-freelance-modern-tribe,Modern Tribe,UI Developer (freelance)
https://remoteok.io/remote-jobs/76477-remote-front-end-developer-with-experience-react-angular-soshace,Soshace,Front End Developer With Experience React Angular
https://remoteok.io/remote-jobs/76439-remote-frontend-engineer-modern-tribe,Modern Tribe,Frontend Engineer
https://remoteok.io/remote-jobs/76431-remote-front-end-developer-jetcake,Jetcake,Front-end Developer
https://remoteok.io/remote-jobs/76414-remote-full-stack-web-developer-with-react-ruby-docker-experience-radish-lab,Radish Lab,Full Stack Web Developer With React Ruby Docker Experience
https://remoteok.io/remote-jobs/76412-remote-react-front-end-dev-undefined,Undefined,React Front End Dev
https://remoteok.io/remote-jobs/76368-remote-full-stack-developer-react-node-moveli,Moveli,Full Stack Developer - React / Node
https://remoteok.io/remote-jobs/76311-remote-front-end-engineer-chili-piper,Chili Piper,Front End Engineer
https://remoteok.io/remote-jobs/76267-remote-javascript-react-node-developer-2up-technology-inc,2UP Technology, Inc,Javascript/react/node Developer
https://remoteok.io/remote-jobs/76228-remote-front-end-react-angular-developer-with-experience-on-the-back-end-soshace,Soshace,Front End React Angular Developer With Experience On The Back End
https://remoteok.io/remote-jobs/76172-remote-fullstack-engineer-react-js-scala-airfocus,airfocus,Fullstack Engineer (react.js/scala)
https://remoteok.io/remote-jobs/76149-remote-front-end-react-angular-developer-soshace,Soshace,Front-end React/angular Developer
https://remoteok.io/remote-jobs/76136-remote-senior-nodejs-react-developer-dealer-inspire,Dealer Inspire,Senior Nodejs React Developer
https://remoteok.io/remote-jobs/76112-remote-senior-react-native-developer-serpicodev,SerpicoDEV,Senior React Native Developer
https://remoteok.io/remote-jobs/75997-remote-frontend-marketing-engineer-kraken-digital-asset-exchange,Kraken Digital Asset Exchange,Frontend Marketing Engineer
https://remoteok.io/remote-jobs/75993-remote-senior-front-end-developer-filestage,Filestage,Senior Front End Developer
https://remoteok.io/remote-jobs/75971-remote-react-elasticsearch-developer-clevertech,Clevertech,React Elasticsearch Developer
https://remoteok.io/remote-jobs/75960-remote-developer-or-senior-developer-mvpf,MVPF,Developer or Senior Developer
https://remoteok.io/remote-jobs/75932-remote-full-stack-web-developer-goosechase,GooseChase,Full Stack Web Developer
https://remoteok.io/remote-jobs/75873-remote-frontend-react-js-developer-mps-health,MPS Health,Frontend React.js Developer
https://remoteok.io/remote-jobs/75821-remote-react-angular-developer-with-experience-on-the-back-end-soshace,Soshace,React Angular Developer With Experience On The Back End
https://remoteok.io/remote-jobs/75773-remote-senior-frontend-react-developer-kraken-digital-asset-exchange,Kraken Digital Asset Exchange,Senior Frontend React Developer
https://remoteok.io/remote-jobs/75762-remote-frontend-developer-react-redux-idex-innovation,IDEX Innovation,Frontend Developer - React / Redux
https://remoteok.io/remote-jobs/75757-remote-react-software-engineer-songspace,Songspace,React Software Engineer
https://remoteok.io/remote-jobs/75742-remote-senior-full-stack-developer-polyswarm,PolySwarm,Senior Full-stack Developer
https://remoteok.io/remote-jobs/75727-remote-react-native-engineer-codelitt,Codelitt,React Native Engineer
https://remoteok.io/remote-jobs/75724-remote-react-symfony-developers-cobbleweb,CobbleWeb,React Symfony Developers
https://remoteok.io/remote-jobs/75628-remote-react-developer-n3o-ltd,n3o Ltd,React Developer
https://remoteok.io/remote-jobs/75694-remote-react-native-react-web-developer-g2i,G2i,React Native React Web Developer
https://remoteok.io/remote-jobs/75542-remote-full-stack-developer-with-react-django-soshace,Soshace,Full Stack Developer With React Django
https://remoteok.io/remote-jobs/75543-remote-front-end-developer-with-react-angular2-soshace,Soshace,Front End Developer With React Angular2
https://remoteok.io/remote-jobs/75524-remote-ecommerce-developer-branchlabs,BranchLabs,Ecommerce Developer
https://remoteok.io/remote-jobs/75489-remote-senior-ruby-on-rails-engineer-top-indian-consultancy-bigbinary,BigBinary,Senior Ruby On Rails Engineer - Top Indian Consultancy
https://remoteok.io/remote-jobs/75454-remote-senior-react-native-nodejs-mobile-developer-scalable-path,Scalable Path,Senior React Native Nodejs Mobile Developer
https://remoteok.io/remote-jobs/75452-remote-software-engineer-world-wide-technology,World Wide Technology,Software Engineer
https://remoteok.io/remote-jobs/75449-remote-global-volunteer-community-bringing-communities-together-build-projects-targeting-all-societal-issues-meteor-reactjs-focallocal-the-public-happiness-movement,Focallocal - The Public Happiness Movement,Global Volunteer Community Bringing Communities Together Build Projects Targeting All Societal Issues. Meteor Reactjs
https://remoteok.io/remote-jobs/75424-remote-front-end-react-js-javascript-developer-redux-redux-saga-immediate-contract-remote-approveme,ApproveMe,Front-end React.js Javascript Developer
https://remoteok.io/remote-jobs/75383-remote-senior-ruby-on-rails-engineer-aha,Aha!,Senior Ruby on Rails Engineer
https://remoteok.io/remote-jobs/75294-remote-react-native-mobile-app-developer-gen-con,Gen Con,React Native Mobile App Developer
https://remoteok.io/remote-jobs/75261-remote-senior-developer-gravity-forms,Gravity Forms,Senior Developer
https://remoteok.io/remote-jobs/75211-remote-full-stack-developer-pento-aps,Pento ApS,Full Stack Developer
https://remoteok.io/remote-jobs/75160-remote-senior-level-react-native-developer-serpicodev,SerpicoDEV,Senior Level React Native Developer
https://remoteok.io/remote-jobs/75156-remote-become-a-pluralsight-author-write-react-guides-from-home-pluralsight,Pluralsight,Become a Pluralsight Author Write React Guides From Home
https://remoteok.io/remote-jobs/75151-remote-react-native-engineer-codal,Codal,React Native Engineer
https://remoteok.io/remote-jobs/75107-remote-full-stack-engineer-anyplace,Anyplace,Full-stack Engineer
https://remoteok.io/remote-jobs/75052-remote-full-stack-developer-react-js-node-js-mongodb-aktek,AKTEK,Full-stack Developer - React.js, Node.js, Mongodb
https://remoteok.io/remote-jobs/75005-remote-front-end-engineer-remote-europe-web-components-react-es6-vizibl,Vizibl,Front-end Engineer ( Europe) - Web Components + React + ES6
https://remoteok.io/remote-jobs/74986-remote-senior-full-stack-developer-rails-react-meetedgar,MeetEdgar,Senior Full Stack Developer (rails/react)
https://remoteok.io/remote-jobs/74988-remote-senior-node-react-developers-nearform,NearForm,Senior Node React Developers
https://remoteok.io/remote-jobs/74943-remote-frontend-react-engineer-conduit-ventures,Conduit Ventures,Frontend (react) Engineer
https://remoteok.io/remote-jobs/74915-remote-front-end-engineer-wanderu-inc,Wanderu, Inc,Front End Engineer
https://remoteok.io/remote-jobs/74911-remote-mobile-application-developer-react-native-buddyboss,BuddyBoss,Mobile Application Developer (react Native)
https://remoteok.io/remote-jobs/74861-remote-frontend-engineer-alacrity-law,Alacrity Law,Frontend Engineer
https://remoteok.io/remote-jobs/74833-remote-senior-ruby-on-rails-engineer-latin-america-100-remote-bigbinary,BigBinary,Senior Ruby on Rails Engineer - Latin America - 100%
https://remoteok.io/remote-jobs/74797-remote-technical-lead-tigerspike,Tigerspike,Technical Lead
https://remoteok.io/remote-jobs/74703-remote-senior-react-native-developer-mobiquity,Mobiquity,Senior React Native Developer
https://remoteok.io/remote-jobs/74639-remote-react-software-developer-substantial,Substantial,React Software Developer
https://remoteok.io/remote-jobs/74609-remote-global-volunteer-community-bringing-communities-together-tackle-societal-issues-building-meteor-reactjs-focallocal-the-public-happiness-movement,Focallocal - The Public Happiness Movement,Global Volunteer Community Bringing Communities Together Tackle Societal Issues. Building Meteor Reactjs
https://remoteok.io/remote-jobs/74601-remote-senior-full-stack-engineer-python-js-draftable,Draftable,Senior Full-stack Engineer (python, JS)
https://remoteok.io/remote-jobs/74596-remote-javascript-developer-front-end-back-end-full-stack-scoutbase,Scoutbase,Javascript Developer - Front End / Back End / Full-stack
https://remoteok.io/remote-jobs/74591-remote-react-native-mobile-developer-clevertech,Clevertech,React Native Mobile Developer
https://remoteok.io/remote-jobs/74583-remote-front-end-developer-with-react-or-angular2-soshace,Soshace,Front-end Developer with React or Angular2+
https://remoteok.io/remote-jobs/74540-remote-senior-performance-engineer-pitch,Pitch,Senior Performance Engineer
https://remoteok.io/remote-jobs/74474-remote-front-end-developer-chili-piper,Chili Piper,Front-end Developer
https://remoteok.io/remote-jobs/74466-remote-javascript-developer-backend-or-frontend-tribe-labs,Tribe Labs,Javascript Developer - Backend or Frontend
https://remoteok.io/remote-jobs/74453-remote-senior-full-stack-developer-node-react-clevertech,Clevertech,Senior Full Stack Developer Node React
https://remoteok.io/remote-jobs/74417-remote-react-developer-groupxs-solutions,groupXS Solutions,React Developer
https://remoteok.io/remote-jobs/74323-remote-javascript-node-js-react-developer-paperpile,Paperpile,Javascript (node.js, React) Developer
https://remoteok.io/remote-jobs/74329-remote-full-stack-developer-node-react-clevertech,Clevertech,Full Stack Developer Node React
https://remoteok.io/remote-jobs/74269-remote-front-end-react-engineer-clearcover,Clearcover,Front End React Engineer
https://remoteok.io/remote-jobs/74228-remote-front-end-react-js-engineer-pluralsight,Pluralsight,Front End React.js Engineer
https://remoteok.io/remote-jobs/74224-remote-lead-react-frontend-engineer-alacrity-law,Alacrity Law,Lead React Frontend Engineer
